scientific_name,family,order,lga_occurrence_count,suburb_count,suburbs,exact_local_species_evidence,evidence_level,classification_basis
Amblyopone australis,Formicidae,Hymenoptera,1,1,Melbourne,False,family_candidate,family candidate; another family member is labelled pol=1 in the supplied Melbourne study
Amegilla asserta,Apidae,Hymenoptera,7,2,Melbourne|Parkville,False,family_candidate,family candidate; another family member is labelled pol=1 in the supplied Melbourne study
Amegilla chlorocyanea,Apidae,Hymenoptera,2,2,Melbourne|Parkville,False,family_candidate,family candidate; another family member is labelled pol=1 in the supplied Melbourne study
Apis mellifera,Apidae,Hymenoptera,430,11,Carlton|Docklands|East Melbourne|Kensington|Melbourne|North Melbourne|Parkville|Port Melbourne|South Yarra|Southbank|West Melbourne,True,exact_species_label,species labelled pol=1 in supplied Melbourne functional-group study
Australophyra rostrata,Muscidae,Diptera,1,1,Melbourne,False,family_candidate,family candidate; another family member is labelled pol=1 in the supplied Melbourne study
Austrogorytes spryi,Crabronidae,Hymenoptera,6,2,Melbourne|Parkville,False,family_candidate,family candidate; another family member is labelled pol=1 in the supplied Melbourne study
Austroponera rufonigra,Formicidae,Hymenoptera,1,1,Parkville,False,family_candidate,family candidate; another family member is labelled pol=1 in the supplied Melbourne study
Austroscolia soror,Scoliidae,Hymenoptera,13,4,Kensington|Melbourne|Parkville|Port Melbourne,False,family_candidate,family candidate; another family member is labelled pol=1 in the supplied Melbourne study
Bembix furcata,Crabronidae,Hymenoptera,7,1,Port Melbourne,False,family_candidate,family candidate; another family member is labelled pol=1 in the supplied Melbourne study
Bembix palmata,Crabronidae,Hymenoptera,3,1,Port Melbourne,False,family_candidate,family candidate; another family member is labelled pol=1 in the supplied Melbourne study
Boreoides subulatus,Stratiomyidae,Diptera,2,1,Parkville,False,family_candidate,family candidate; another family member is labelled pol=1 in the supplied Melbourne study
Calliphora ochracea,Calliphoridae,Diptera,27,3,East Melbourne|Melbourne|Parkville,False,family_candidate,family candidate; another family member is labelled pol=1 in the supplied Melbourne study
Calliphora vicina,Calliphoridae,Diptera,14,6,Carlton|Kensington|Melbourne|Parkville|Port Melbourne|Southbank,False,family_candidate,family candidate; another family member is labelled pol=1 in the supplied Melbourne study
Callomelitta picta,Colletidae,Hymenoptera,1,1,Parkville,False,family_candidate,family candidate; another family member is labelled pol=1 in the supplied Melbourne study
Camponotus aeneopilosus,Formicidae,Hymenoptera,6,2,Carlton|Parkville,False,family_candidate,family candidate; another family member is labelled pol=1 in the supplied Melbourne study
Camponotus consobrinus,Formicidae,Hymenoptera,78,2,Carlton|Parkville,False,family_candidate,family candidate; another family member is labelled pol=1 in the supplied Melbourne study
Chauliognathus lugubris,Cantharidae,Coleoptera,136,8,Carlton|Docklands|East Melbourne|Kensington|Melbourne|Parkville|South Yarra|Southbank,True,exact_species_label,species labelled pol=1 in supplied Melbourne functional-group study
Chauliognathus tricolor,Cantharidae,Coleoptera,23,1,Parkville,False,family_candidate,family candidate; another family member is labelled pol=1 in the supplied Melbourne study
Chelaner kiliani,Formicidae,Hymenoptera,18,2,Melbourne|Parkville,False,family_candidate,family candidate; another family member is labelled pol=1 in the supplied Melbourne study
Clitemnestra plomleyi,Crabronidae,Hymenoptera,1,1,Melbourne,False,family_candidate,family candidate; another family member is labelled pol=1 in the supplied Melbourne study
Colobopsis gasseri,Formicidae,Hymenoptera,22,3,Docklands|Melbourne|Parkville,False,family_candidate,family candidate; another family member is labelled pol=1 in the supplied Melbourne study
Ctenochares bicolorus,Ichneumonidae,Hymenoptera,6,2,Melbourne|Parkville,False,family_candidate,family candidate; another family member is labelled pol=1 in the supplied Melbourne study
Diamma bicolor,Tiphiidae,Hymenoptera,15,1,Port Melbourne,False,family_candidate,family candidate; another family member is labelled pol=1 in the supplied Melbourne study
Dicranolaius bellulus,Melyridae,Coleoptera,6,2,Docklands|Melbourne,True,exact_species_label,species labelled pol=1 in supplied Melbourne functional-group study
Diplazon laetatorius,Ichneumonidae,Hymenoptera,1,1,Parkville,False,family_candidate,family candidate; another family member is labelled pol=1 in the supplied Melbourne study
Echthromorpha intricatoria,Ichneumonidae,Hymenoptera,9,8,Carlton|Docklands|East Melbourne|Melbourne|North Melbourne|Parkville|Port Melbourne|Southbank,False,family_candidate,family candidate; another family member is labelled pol=1 in the supplied Melbourne study
Eristalinus punctulatus,Syrphidae,Diptera,23,5,East Melbourne|Kensington|Melbourne|Parkville|Port Melbourne,False,family_candidate,family candidate; another family member is labelled pol=1 in the supplied Melbourne study
Eristalis tenax,Syrphidae,Diptera,54,6,Carlton|East Melbourne|Melbourne|Parkville|South Yarra|Southbank,False,family_candidate,family candidate; another family member is labelled pol=1 in the supplied Melbourne study
Eumerus obliquus,Syrphidae,Diptera,1,1,Melbourne,False,family_candidate,family candidate; another family member is labelled pol=1 in the supplied Melbourne study
Eupeodes confrater,Syrphidae,Diptera,1,1,East Melbourne,False,family_candidate,family candidate; another family member is labelled pol=1 in the supplied Melbourne study
Eurhopalus froggatti,Dermestidae,Coleoptera,4,1,Parkville,False,family_candidate,family candidate; another family member is labelled pol=1 in the supplied Melbourne study
Euryglossa adelaidae,Colletidae,Hymenoptera,1,1,Parkville,False,family_candidate,family candidate; another family member is labelled pol=1 in the supplied Melbourne study
Exaireta spinigera,Stratiomyidae,Diptera,23,5,Carlton|East Melbourne|Kensington|Melbourne|Parkville,False,family_candidate,family candidate; another family member is labelled pol=1 in the supplied Melbourne study
Hermetia illucens,Stratiomyidae,Diptera,6,4,Carlton|Melbourne|North Melbourne|Parkville,False,family_candidate,family candidate; another family member is labelled pol=1 in the supplied Melbourne study
Hydrellia tritici,Ephydridae,Diptera,13,6,Carlton|East Melbourne|Melbourne|Parkville|Port Melbourne|West Melbourne,True,exact_species_label,species labelled pol=1 in supplied Melbourne functional-group study
Hylaeus euxanthus,Colletidae,Hymenoptera,1,1,Parkville,False,family_candidate,family candidate; another family member is labelled pol=1 in the supplied Melbourne study
Hylaeus littleri,Colletidae,Hymenoptera,2,1,Carlton,False,family_candidate,family candidate; another family member is labelled pol=1 in the supplied Melbourne study
Hylaeus nubilosus,Colletidae,Hymenoptera,1,1,East Melbourne,False,family_candidate,family candidate; another family member is labelled pol=1 in the supplied Melbourne study
Hylaeus primulipictus,Colletidae,Hymenoptera,1,1,Parkville,False,family_candidate,family candidate; another family member is labelled pol=1 in the supplied Melbourne study
Hylaeus quadriceps,Colletidae,Hymenoptera,8,3,Melbourne|Parkville|Port Melbourne,False,family_candidate,family candidate; another family member is labelled pol=1 in the supplied Melbourne study
Hyleoides concinna,Colletidae,Hymenoptera,7,3,Melbourne|North Melbourne|Parkville,False,family_candidate,family candidate; another family member is labelled pol=1 in the supplied Melbourne study
Hypattalus sordidus,Melyridae,Coleoptera,1,1,Carlton,False,family_candidate,family candidate; another family member is labelled pol=1 in the supplied Melbourne study
Inopus rubriceps,Stratiomyidae,Diptera,1,1,South Yarra,False,family_candidate,family candidate; another family member is labelled pol=1 in the supplied Melbourne study
Iridomyrmex purpureus,Formicidae,Hymenoptera,1,1,Parkville,False,family_candidate,family candidate; another family member is labelled pol=1 in the supplied Melbourne study
Koscocrompus obscurus,Lygaeidae,Hemiptera,1,1,Parkville,False,family_candidate,family candidate; another family member is labelled pol=1 in the supplied Melbourne study
Lasioglossum bicingulatum,Halictidae,Hymenoptera,1,1,Parkville,False,family_candidate,family candidate; another family member is labelled pol=1 in the supplied Melbourne study
Lasioglossum urbanum,Halictidae,Hymenoptera,8,4,Carlton|Melbourne|Parkville|Southbank,False,family_candidate,family candidate; another family member is labelled pol=1 in the supplied Melbourne study
Leioproctus launcestonensis,Colletidae,Hymenoptera,2,1,Parkville,False,family_candidate,family candidate; another family member is labelled pol=1 in the supplied Melbourne study
Lemidia accinctus,Cleridae,Coleoptera,2,1,Parkville,False,family_candidate,family candidate; another family member is labelled pol=1 in the supplied Melbourne study
Linepithema humile,Formicidae,Hymenoptera,10,4,Carlton|Melbourne|Parkville|Port Melbourne,False,family_candidate,family candidate; another family member is labelled pol=1 in the supplied Melbourne study
Lipotriches australica,Halictidae,Hymenoptera,4,2,Melbourne|Parkville,False,family_candidate,family candidate; another family member is labelled pol=1 in the supplied Melbourne study
Lipotriches flavoviridis,Halictidae,Hymenoptera,3,1,Parkville,True,exact_species_label,species labelled pol=1 in supplied Melbourne functional-group study
Lissopimpla excelsa,Ichneumonidae,Hymenoptera,23,5,Carlton|Docklands|Melbourne|Parkville|Southbank,False,family_candidate,family candidate; another family member is labelled pol=1 in the supplied Melbourne study
Lucilia porphyrina,Calliphoridae,Diptera,2,1,Melbourne,False,family_candidate,family candidate; another family member is labelled pol=1 in the supplied Melbourne study
Lucilia sericata,Calliphoridae,Diptera,8,5,North Melbourne|Parkville|Port Melbourne|Southbank|West Melbourne,False,family_candidate,family candidate; another family member is labelled pol=1 in the supplied Melbourne study
Mayriella abstinens,Formicidae,Hymenoptera,1,1,Melbourne,False,family_candidate,family candidate; another family member is labelled pol=1 in the supplied Melbourne study
Melangyna damastor,Syrphidae,Diptera,1,1,Melbourne,False,family_candidate,family candidate; another family member is labelled pol=1 in the supplied Melbourne study
Melangyna jacksoni,Syrphidae,Diptera,1,1,Melbourne,False,family_candidate,family candidate; another family member is labelled pol=1 in the supplied Melbourne study
Melangyna viridiceps,Syrphidae,Diptera,81,9,Carlton|East Melbourne|Kensington|Melbourne|Parkville|Port Melbourne|South Yarra|Southbank|West Melbourne,False,family_candidate,family candidate; another family member is labelled pol=1 in the supplied Melbourne study
Mordella sydneyana,Mordellidae,Coleoptera,1,1,Carlton,False,family_candidate,family candidate; another family member is labelled pol=1 in the supplied Melbourne study
Musca vetustissima,Muscidae,Diptera,1,1,Parkville,False,family_candidate,family candidate; another family member is labelled pol=1 in the supplied Melbourne study
Muscina stabulans,Muscidae,Diptera,3,3,Carlton|Parkville|West Melbourne,False,family_candidate,family candidate; another family member is labelled pol=1 in the supplied Melbourne study
Myrmecia nigriscapa,Formicidae,Hymenoptera,1,1,Parkville,False,family_candidate,family candidate; another family member is labelled pol=1 in the supplied Melbourne study
Myrmecia piliventris,Formicidae,Hymenoptera,14,1,Parkville,False,family_candidate,family candidate; another family member is labelled pol=1 in the supplied Melbourne study
Myrmecia pyriformis,Formicidae,Hymenoptera,27,4,Kensington|Parkville|Port Melbourne|South Yarra,False,family_candidate,family candidate; another family member is labelled pol=1 in the supplied Melbourne study
Notoncus hickmani,Formicidae,Hymenoptera,1,1,Parkville,False,family_candidate,family candidate; another family member is labelled pol=1 in the supplied Melbourne study
Notopilo variipes,Cleridae,Coleoptera,2,1,Parkville,False,family_candidate,family candidate; another family member is labelled pol=1 in the supplied Melbourne study
Nysius caledoniae,Lygaeidae,Hemiptera,2,1,Melbourne,True,exact_species_label,species labelled pol=1 in supplied Melbourne functional-group study
Nysius vinitor,Lygaeidae,Hemiptera,6,3,Carlton|Melbourne|Parkville,True,exact_species_label,species labelled pol=1 in supplied Melbourne functional-group study
Ochetellus glaber,Formicidae,Hymenoptera,2,1,Parkville,False,family_candidate,family candidate; another family member is labelled pol=1 in the supplied Melbourne study
Ochetellus punctatissimus,Formicidae,Hymenoptera,1,1,Parkville,False,family_candidate,family candidate; another family member is labelled pol=1 in the supplied Melbourne study
Odontomyia decipiens,Stratiomyidae,Diptera,4,2,Kensington|Parkville,False,family_candidate,family candidate; another family member is labelled pol=1 in the supplied Melbourne study
Oedemopsis hobartensis,Ichneumonidae,Hymenoptera,1,1,West Melbourne,False,family_candidate,family candidate; another family member is labelled pol=1 in the supplied Melbourne study
Papyrius nitidus,Formicidae,Hymenoptera,1,1,Parkville,False,family_candidate,family candidate; another family member is labelled pol=1 in the supplied Melbourne study
Paraphylax mirax,Ichneumonidae,Hymenoptera,1,1,Parkville,False,family_candidate,family candidate; another family member is labelled pol=1 in the supplied Melbourne study
Paratillus carus,Cleridae,Coleoptera,1,1,Melbourne,True,exact_species_label,species labelled pol=1 in supplied Melbourne functional-group study
Phytodietus celisissimus,Ichneumonidae,Hymenoptera,1,1,Melbourne,False,family_candidate,family candidate; another family member is labelled pol=1 in the supplied Melbourne study
Pleistodontes froggatti,Agaonidae,Hymenoptera,1,1,Carlton,False,family_candidate,family candidate; another family member is labelled pol=1 in the supplied Melbourne study
Poecilocryptus nigromaculatus,Ichneumonidae,Hymenoptera,1,1,Melbourne,False,family_candidate,family candidate; another family member is labelled pol=1 in the supplied Melbourne study
Pogonortalis doclea,Platystomatidae,Diptera,21,7,East Melbourne|Kensington|Melbourne|North Melbourne|Parkville|Southbank|West Melbourne,False,family_candidate,family candidate; another family member is labelled pol=1 in the supplied Melbourne study
Polistes chinensis,Vespidae,Hymenoptera,14,5,Carlton|Melbourne|North Melbourne|Parkville|Port Melbourne,False,family_candidate,family candidate; another family member is labelled pol=1 in the supplied Melbourne study
Polistes dominulus,Vespidae,Hymenoptera,14,6,Carlton|Kensington|Melbourne|Parkville|Southbank|West Melbourne,False,family_candidate,family candidate; another family member is labelled pol=1 in the supplied Melbourne study
Polistes humilis,Vespidae,Hymenoptera,15,4,Docklands|Kensington|Melbourne|Parkville,False,family_candidate,family candidate; another family member is labelled pol=1 in the supplied Melbourne study
Polyrhachis femorata,Formicidae,Hymenoptera,4,2,Melbourne|Parkville,False,family_candidate,family candidate; another family member is labelled pol=1 in the supplied Melbourne study
Polyrhachis phryne,Formicidae,Hymenoptera,1,1,Parkville,False,family_candidate,family candidate; another family member is labelled pol=1 in the supplied Melbourne study
Rhytidoponera metallica,Formicidae,Hymenoptera,29,2,Carlton|Parkville,False,family_candidate,family candidate; another family member is labelled pol=1 in the supplied Melbourne study
Rhytidoponera victoriae,Formicidae,Hymenoptera,15,4,Carlton|Melbourne|North Melbourne|Parkville,False,family_candidate,family candidate; another family member is labelled pol=1 in the supplied Melbourne study
Scolia verticalis,Scoliidae,Hymenoptera,2,2,Melbourne|Parkville,False,family_candidate,family candidate; another family member is labelled pol=1 in the supplied Melbourne study
Simosyrphus grandicornis,Syrphidae,Diptera,33,5,Carlton|Kensington|Melbourne|Parkville|Southbank,False,family_candidate,family candidate; another family member is labelled pol=1 in the supplied Melbourne study
Sphaerophoria macrogaster,Syrphidae,Diptera,1,1,Parkville,False,family_candidate,family candidate; another family member is labelled pol=1 in the supplied Melbourne study
Spilostethus pacificus,Lygaeidae,Hemiptera,1,1,Melbourne,False,family_candidate,family candidate; another family member is labelled pol=1 in the supplied Melbourne study
Stigmacros barretti,Formicidae,Hymenoptera,1,1,Melbourne,False,family_candidate,family candidate; another family member is labelled pol=1 in the supplied Melbourne study
Stigmatium quadricostatum,Cleridae,Coleoptera,1,1,Melbourne,False,family_candidate,family candidate; another family member is labelled pol=1 in the supplied Melbourne study
Strumigenys perplexa,Formicidae,Hymenoptera,1,1,Parkville,False,family_candidate,family candidate; another family member is labelled pol=1 in the supplied Melbourne study
Synthesiomyia nudiseta,Muscidae,Diptera,1,1,West Melbourne,False,family_candidate,family candidate; another family member is labelled pol=1 in the supplied Melbourne study
Technomyrmex jocosus,Formicidae,Hymenoptera,2,1,Parkville,False,family_candidate,family candidate; another family member is labelled pol=1 in the supplied Melbourne study
Tetramorium bicarinatum,Formicidae,Hymenoptera,1,1,East Melbourne,False,family_candidate,family candidate; another family member is labelled pol=1 in the supplied Melbourne study
Thyreus caeruleopunctatus,Apidae,Hymenoptera,21,2,Melbourne|Parkville,False,family_candidate,family candidate; another family member is labelled pol=1 in the supplied Melbourne study
Trichilogaster acaciaelongifoliae,Pteromalidae,Hymenoptera,4,3,Carlton|Parkville|Port Melbourne,False,family_candidate,family candidate; another family member is labelled pol=1 in the supplied Melbourne study
Trichilogaster signiventris,Pteromalidae,Hymenoptera,1,1,Parkville,False,family_candidate,family candidate; another family member is labelled pol=1 in the supplied Melbourne study
Trigonospila brevifacies,Tachinidae,Diptera,1,1,Parkville,False,family_candidate,family candidate; another family member is labelled pol=1 in the supplied Melbourne study
Vespula germanica,Vespidae,Hymenoptera,50,8,Carlton|East Melbourne|Kensington|Melbourne|North Melbourne|Parkville|South Yarra|Southbank,True,exact_species_label,species labelled pol=1 in supplied Melbourne functional-group study
Xanthopimpla rhapaloceros,Ichneumonidae,Hymenoptera,1,1,West Melbourne,False,family_candidate,family candidate; another family member is labelled pol=1 in the supplied Melbourne study
Xylota flavitarsis,Syrphidae,Diptera,1,1,Kensington,False,family_candidate,family candidate; another family member is labelled pol=1 in the supplied Melbourne study
Zebromyia ornata,Tachinidae,Diptera,1,1,Parkville,False,family_candidate,family candidate; another family member is labelled pol=1 in the supplied Melbourne study
